<?xml version="1.0" encoding="UTF-8"?>
<project-private xmlns="http://www.netbeans.org/ns/project-private/1">
    <editor-bookmarks xmlns="http://www.netbeans.org/ns/editor-bookmarks/2" lastBookmarkId="0"/>
    <open-files xmlns="http://www.netbeans.org/ns/projectui-open-files/2">
        <group>
            <file>file:/C:/PBOL%205/SimulasiPenjualanBarang/src/pembelian/Pembelian.java</file>
            <file>file:/C:/PBOL%205/SimulasiPenjualanBarang/src/pembelian/Pembelian.fxml</file>
            <file>file:/C:/PBOL%205/SimulasiPenjualanBarang/src/pembelian/PembelianController.java</file>
            <file>file:/C:/PBOL%205/SimulasiPenjualanBarang/src/main/MainController.java</file>
            <file>file:/C:/PBOL%205/SimulasiPenjualanBarang/src/laporan/Laporan.fxml</file>
            <file>file:/C:/PBOL%205/SimulasiPenjualanBarang/src/laporan/LaporanController.java</file>
            <file>file:/C:/PBOL%205/SimulasiPenjualanBarang/src/laporan/Laporan.java</file>
            <file>file:/C:/PBOL%205/SimulasiPenjualanBarang/src/main/Main.fxml</file>
            <file>file:/C:/PBOL%205/SimulasiPenjualanBarang/src/main/Main.java</file>
        </group>
    </open-files>
</project-private>
