<?xml version="1.0" encoding="UTF-8"?>
<project-private xmlns="http://www.netbeans.org/ns/project-private/1">
    <editor-bookmarks xmlns="http://www.netbeans.org/ns/editor-bookmarks/2" lastBookmarkId="0"/>
    <open-files xmlns="http://www.netbeans.org/ns/projectui-open-files/2">
        <group>
            <file>file:/C:/PBOL%205/SimulasiPenjualanBarang/src/customer/Customer.fxml</file>
            <file>file:/C:/PBOL%205/SimulasiPenjualanBarang/src/customer/Customer.java</file>
            <file>file:/C:/PBOL%205/SimulasiPenjualanBarang/src/customer/CustomerController.java</file>
            <file>file:/C:/PBOL%205/SimulasiPenjualanBarang/src/cabang/Cabang.fxml</file>
            <file>file:/C:/PBOL%205/SimulasiPenjualanBarang/src/cabang/CabangController.java</file>
            <file>file:/C:/PBOL%205/SimulasiPenjualanBarang/src/cabang/Cabang.java</file>
        </group>
    </open-files>
</project-private>
